{
  "url": "http://www.pleasantondowntown.net/directory.php?page=10&id=&kw=",
  "file_number": "649",
  "content_hash": "93d93d1cc93054ac2964c47c9408faa7e8f2db866e176efa126b0746d5e4c4b8",
  "total_blocks": 269,
  "retained_blocks": 46,
  "ignored_blocks": 223,
  "blocks": [
    {
      "tag": "div",
      "text": "HTML PUBLIC \"-//W3C//DTD HTML 4.01 Transitional//EN\"\n        \"http://www.w3.org/TR/html4/loose.dtd\""
    },
    {
      "tag": "p",
      "text": "Doing Business in Downtown | Business Directory | New PDA Businesses | Available Commercial Properties Select a category below or enter a Business Name to search:"
    },
    {
      "tag": "div",
      "text": "All Businesses Accounting/Financial Services Advertising/Media Services Antique Stores/Dealers Apparel Architecture/Engineering Art/Photography/Framing Associations & Non-Profit Organizations Automotive/Transportation Banks/Financial Institutions Business Services Chiropractors Cleaners/Laundry/Alterations Construction/Contractors Counseling Services Educational Services Food/Beverage-Retail Gardening & Landscaping Healthcare Services Home Improvement/Design Information Technology Insurance Services Janitorial/Cleaning Services Legal Services Lodging/Travel Massage Therapy & Health Services Media Services Medical/Dental Miscellaneous Moving/Storage Real Estate Services/Property Management Restaurant/Bar/Bakery Retail Salons/Spas/Barbers/Nails Services Skin Care & Cosmetics Sports/Recreational Activities Wineries =   Associate Member 728 records found (displaying 181 to 200)"
    },
    {
      "tag": "p",
      "text": "Darpan Aulakh Insurance"
    },
    {
      "tag": "div",
      "text": "608 Main St., E Pleasanton, CA 94566"
    },
    {
      "tag": "p",
      "text": "Darpan Aulakh Telephone: (408) 719-1800 David Day,  Ph.D. @ Community Christian"
    },
    {
      "tag": "div",
      "text": "225 Spring St. Pleasanton, CA 94566"
    },
    {
      "tag": "p",
      "text": "Counseling Services David Day Telephone: (925) 846-7768 Fax: (925) 846-2836 Email: drdavidday@aol.com David M. Strother, CPA"
    },
    {
      "tag": "div",
      "text": "480 St. John St., 120 Pleasanton, CA 94566"
    },
    {
      "tag": "p",
      "text": "David Strother Telephone: (925) 484-3000 Fax: (925) 484-3061 David Melamed, MD *New Member"
    },
    {
      "tag": "div",
      "text": "374 St Mary Street Pleasanton, CA 94566"
    },
    {
      "tag": "p",
      "text": "David Melamed, MD Telephone: 925-846-5614 Day Art Studio"
    },
    {
      "tag": "div",
      "text": "720 Main St. Pleasanton, CA 94566 Website: www.dayartstudio.com"
    },
    {
      "tag": "p",
      "text": "This is a drop-in, fun for all, do art yourself place where we help you love making art! We offer an incredible variety of projects including: - glass tile mosaics - paint your own pottery - beads and wire - collage and decoupage - wet clay - art for kids Just come in and choose a project. We will help you every step of the way! We also offer: classes, parties & workshops Studio Hours: Sun 12pm - 6pm Mon Closed Tue 10am - 6pm Wed 10am - 9pm Thur 10am - 9pm Fri 10am - 9pm Sat 10am - 9pm Amy Fox Telephone: (925 ) 846-4278 Fax: (925 ) 846-4228 Email: amy@dayartstudio.com Dean's Caf"
    },
    {
      "tag": "div",
      "text": "620 Main St. Pleasanton, CA 94566"
    },
    {
      "tag": "p",
      "text": "Adowntown fixture since the '50s. Rightly famous for its omelettes (over 265 of them). Breakfast items are now served all day due to popular demand. The dinner menu is classic American fare. Homestyle cooking at its very best. Kids always welcome. Open daily for breakfast and lunch, Wednesday-Saturday for dinner. John Correia Telephone: (925) 846-4222 Fax: (925) 295-0261 Email: deanscafe@yahoo.com Dear Jane"
    },
    {
      "tag": "div",
      "text": "344 Division St., 203 Pleasanton, CA 94566 Website: www.dearjane.info"
    },
    {
      "tag": "p",
      "text": "dear jane is a professional career coaching and training firm with a fresh perspective.  Founded in 2004, Dear Jane strives to take the 'intimidation factor' out of the search for the perfect career. Rebecca Martin Telephone: (408) 420-8942 Fax: (925) 371-8197 Email: rebecca.martin@dearjane.info Deborah R. Taboada @ Heavenly Remedies"
    },
    {
      "tag": "div",
      "text": "357 Ray St. Pleasanton, CA 94566"
    },
    {
      "tag": "p",
      "text": "Deborah Taboada Telephone: (925) 462-4200 Deer Ridge Management, Inc."
    },
    {
      "tag": "div",
      "text": "472 St. John St. Pleasanton, CA 94566"
    },
    {
      "tag": "p",
      "text": "Property Management Larry Plisskin Telephone: (925) 484-3833 Fax: (925) 484-2279 Dejarnatt, Paul - CPA, Investment Mgr."
    },
    {
      "tag": "div",
      "text": "147 Old Bernal Ave. 2 Pleasanton, CA 94566"
    },
    {
      "tag": "p",
      "text": "Paul Dejarnatt Telephone: (925) 462-1566 Fax: (925) 462-1105 Denali Data Systems"
    },
    {
      "tag": "div",
      "text": "922 Crellin Road Pleasanton, CA 94566 Website: www.denalidatasystems.com"
    },
    {
      "tag": "p",
      "text": "Stacey Blaney Telephone: (925) 462-5011 Fax: (925) 462-5012 Email: stacey@denalidatasystems.com Dereck Jewelers"
    },
    {
      "tag": "div",
      "text": "205 Main St., D Pleasanton, CA 94566"
    },
    {
      "tag": "p",
      "text": "Telephone: (925) 931-1889 Fax: (925) 931-1889 Design Works, Ltd."
    },
    {
      "tag": "div",
      "text": "275 Rose Ave., 200 Pleasanton, CA 94566"
    },
    {
      "tag": "p",
      "text": "Interior design - residential and commercial Pam Meyer Telephone: (925) 462-7010 Fax: (925) 462-3052 Destiny's Path"
    },
    {
      "tag": "div",
      "text": "550 Main St. Pleasanton, CA 94566"
    },
    {
      "tag": "p",
      "text": "Shirley Thornton Telephone: (925) 485-1602 Diablo Valley Bank"
    },
    {
      "tag": "div",
      "text": "300 Main St. Pleasanton, CA 94566 Website: www.diablovalleybank.com"
    },
    {
      "tag": "p",
      "text": "Acommunity bank that offers a full range of business and personal banking services. Margie Perry Telephone: (925) 314-2877 Fax: (925) 314-2899 Email: mperry@diablovalleybank.com Diamonds N' Nails"
    },
    {
      "tag": "div",
      "text": "243 Main St., Suite D Pleasanton, CA 94566"
    },
    {
      "tag": "p",
      "text": "Lisa Nguyen Telephone: (925) 417-0280 Diane L. Lovitt, CMT"
    },
    {
      "tag": "div",
      "text": "397 Ray St., 204 Pleasanton, CA 94566"
    },
    {
      "tag": "p",
      "text": "Diane Lovitt Telephone: (925) 426-5329 Diversified Environmental Group, Inc."
    },
    {
      "tag": "div",
      "text": "231 Old Bernal., 2C Pleasanton, CA 94566 Website: www.deg-inc.net"
    },
    {
      "tag": "p",
      "text": "Diversified Environmental Group, Inc. has been the industry leader in designing and installing waste handling and recycling systems in existing and new high density communities and commercial projects throughout the Western United States. Glenn Hebert Telephone: (925) 426-2370 Fax: (925) 426-1336 Email: glenn@deg-inc.net Diversified Financial Concepts/Woodbury Financial Services"
    },
    {
      "tag": "div",
      "text": "417 St. Mary St., C Pleasanton, CA 94566 Website: www.dfcinc.com"
    },
    {
      "tag": "p",
      "text": "We provide personal, needs based financial planning with no minimum or maxiumum investments. Jennifer Ford Telephone: (925) 209-3594 Fax: (925) 891-9147 Email: jford@dfc-eastbay.com Divine Skin & Body Care"
    },
    {
      "tag": "div",
      "text": "87 W. Neal St. Pleasanton, CA 94566"
    },
    {
      "tag": "p",
      "text": "Debbie Torres Telephone: (925) 462-6498 Email: reiki_hands@comcast.net"
    },
    {
      "tag": "div",
      "text": "| Page 1 | Page 2 | Page 3 | Page 4 | Page 5 | Page 6 | Page 7 | Page 8 | Page 9 | Page 10 | Page 11 | Page 12 | Page 13 | Page 14 | Page 15 | Page 16 | Page 17 | Page 18 | Page 19 | Page 20 | Page 21 | Page 22 | Page 23 | Page 24 | Page 25 | Page 26 | Page 27 | Page 28 | Page 29 | Page 30 | Page 31 | Page 32 | Page 33 | Page 34 | Page 35 | Page 36 | Page 37 |"
    },
    {
      "tag": "p",
      "text": "Home | About Us | Business Directory | News | Events | History & Culture | Contact Us Pleasanton Downtown Association 830 Main Street, Suite A,   \n\t\t\tPleasanton, California 94566 Phone (925) 484-2199   \n\t\t\tFax (925) 484-3064 info@pleasantondowntown.net Website created and maintained by Denali Data Systems, Inc."
    }
  ]
}